hitter_id,player,team,opponent,game_start_time,game_status,batting_order,pitcher,pitcher_id,pitcher_hand,hitter_hand,barrel_pct,iso,avg_exit_velocity,ev50,xslg,xiso,xwoba,bat_speed,fast_swing_pct,pull_pct,fb_pct,hard_hit_pct,hr_total,pitcher_barrel_pct_allowed,pitcher_hard_hit_pct_allowed,pitcher_avg_exit_velocity_allowed,pitcher_xslg_allowed,pitcher_xiso_allowed,pitcher_fb_pct_allowed,pitcher_hr_allowed,pitcher_hr_allowed_vs_lhh,pitcher_hr_allowed_vs_rhh,ballpark,park_hr_factor,weather_temp,wind_speed,wind_direction,confirmed_lineup,rotowire_confirmed_lineup,rotowire_batting_order,rotowire_player_found,lineup_disagreement,lineup_sources_used,source_warnings,stat_years_used,bvp_pa,bvp_hr,bvp_note,recent_games,recent_hits,recent_abs,recent_hr,recent_form_note,split_matchup_note,pitch_mix_note,public_attention,odds
672640,Otto Lopez,MIA,COL,2026-07-02T00:40:00Z,Warmup,1,Kyle Freeland,607536,L,R,7.03,0.1437,89.41,100.5831,0.4424,0.1573,0.3342,71.98,24.8,32.23,22.78,41.66,9.4,10.66,45.13,90.89,0.4968,0.2029,29.64,17.8,17.8,17.8,Coors Field,120,88,13,In From RF,Yes,Yes,1,Yes,No,MLB Stats API; RotoWire,,H:2026/2025 P:2026/2025,,,Direct BvP not yet weighted; 2026/2025 Statcast baseline active,7,10,29,2,Hot streak: 2 HR in last 7 games,"platoon edge; pitcher baseline 10.7% barrel, 17.8 HR allowed",neutral batted-ball profile; pitcher fly-ball pressure modest,,
665923,Esteury Ruiz,MIA,COL,2026-07-02T00:40:00Z,Warmup,2,Kyle Freeland,607536,L,R,7.21,0.2221,84.79,95.7263,0.344,0.1463,0.2868,71.38,15.51,45.15,27.79,27.79,3.1,10.66,45.13,90.89,0.4968,0.2029,29.64,17.8,17.8,17.8,Coors Field,120,88,13,In From RF,Yes,Yes,2,Yes,No,MLB Stats API; RotoWire,,H:2026/2025 P:2026/2025,,,Direct BvP not yet weighted; 2026/2025 Statcast baseline active,7,2,9,0,"Last 7 games: 2/9, 0 HR","platoon edge; pitcher baseline 10.7% barrel, 17.8 HR allowed",neutral batted-ball profile; pitcher fly-ball pressure modest,,
689414,Liam Hicks,MIA,COL,2026-07-02T00:40:00Z,Warmup,3,Kyle Freeland,607536,L,L,4.09,0.162,85.16,96.676,0.3549,0.1081,0.3136,67.96,2.95,41.05,24.36,29.73,10.9,10.66,45.13,90.89,0.4968,0.2029,29.64,17.8,17.8,17.8,Coors Field,120,88,13,In From RF,Yes,Yes,3,Yes,No,MLB Stats API; RotoWire,,H:2026/2025 P:2026/2025,,,Direct BvP not yet weighted; 2026/2025 Statcast baseline active,7,10,31,0,Contact streak: 10/31 over last 7 games,"same-side matchup; pitcher baseline 10.7% barrel, 17.8 HR allowed",neutral batted-ball profile; pitcher fly-ball pressure modest,,
681715,Heriberto Hernández,MIA,COL,2026-07-02T00:40:00Z,Warmup,4,Kyle Freeland,607536,L,R,9.46,0.1755,91.32,101.4964,0.4525,0.2019,0.3417,74.31,46.57,46.96,30.69,47.22,8.6,10.66,45.13,90.89,0.4968,0.2029,29.64,17.8,17.8,17.8,Coors Field,120,88,13,In From RF,Yes,Yes,4,Yes,No,MLB Stats API; RotoWire,,H:2026/2025 P:2026/2025,,,Direct BvP not yet weighted; 2026/2025 Statcast baseline active,7,3,23,1,"Last 7 games: 3/23, 1 HR","platoon edge; pitcher baseline 10.7% barrel, 17.8 HR allowed",neutral batted-ball profile; pitcher fly-ball pressure modest,,
691594,Javier Sanoja,MIA,COL,2026-07-02T00:40:00Z,Warmup,5,Kyle Freeland,607536,L,R,1.73,0.1362,87.73,97.6751,0.3245,0.0746,0.2722,69.14,6.95,41.86,16.94,33.46,3.9,10.66,45.13,90.89,0.4968,0.2029,29.64,17.8,17.8,17.8,Coors Field,120,88,13,In From RF,Yes,Yes,5,Yes,No,MLB Stats API; RotoWire,,H:2026/2025 P:2026/2025,,,Direct BvP not yet weighted; 2026/2025 Statcast baseline active,7,11,23,1,Contact streak: 11/23 over last 7 games,"platoon edge; pitcher baseline 10.7% barrel, 17.8 HR allowed",neutral batted-ball profile; pitcher fly-ball pressure modest,,
669065,Kyle Stowers,MIA,COL,2026-07-02T00:40:00Z,Warmup,6,Kyle Freeland,607536,L,L,13.64,0.2168,91.03,102.9285,0.4649,0.2181,0.3449,74.93,50.86,47.32,28.14,52.49,13.1,10.66,45.13,90.89,0.4968,0.2029,29.64,17.8,17.8,17.8,Coors Field,120,88,13,In From RF,Yes,Yes,6,Yes,No,MLB Stats API; RotoWire,,H:2026/2025 P:2026/2025,,,Direct BvP not yet weighted; 2026/2025 Statcast baseline active,7,9,29,0,"Last 7 games: 9/29, 0 HR","same-side matchup; pitcher baseline 10.7% barrel, 17.8 HR allowed",neutral batted-ball profile; pitcher fly-ball pressure modest,,
677870,Leo Jiménez,MIA,COL,2026-07-02T00:40:00Z,Warmup,7,Kyle Freeland,607536,L,R,6.02,0.0631,91.58,100.7363,0.328,0.1031,0.2939,71.51,12.38,29.26,24.59,45.17,0.3,10.66,45.13,90.89,0.4968,0.2029,29.64,17.8,17.8,17.8,Coors Field,120,88,13,In From RF,Yes,Yes,7,Yes,No,MLB Stats API; RotoWire,,H:2026/2025 P:2026/2025,,,Direct BvP not yet weighted; 2026/2025 Statcast baseline active,7,6,17,0,Contact streak: 6/17 over last 7 games,"platoon edge; pitcher baseline 10.7% barrel, 17.8 HR allowed",neutral batted-ball profile; pitcher fly-ball pressure modest,,
640459,Brian Navarreto,MIA,COL,2026-07-02T00:40:00Z,Warmup,8,Kyle Freeland,607536,L,R,7.5,0.1071,91.9,96.2797,0.188,0.0917,0.2423,73.49,10.5,52.49,27.49,20.01,0.3,10.66,45.13,90.89,0.4968,0.2029,29.64,17.8,17.8,17.8,Coors Field,120,88,13,In From RF,Yes,Yes,8,Yes,No,MLB Stats API; RotoWire,,H:2026/2025 P:2026/2025,,,Direct BvP not yet weighted; 2026/2025 Statcast baseline active,3,0,3,0,"Last 3 games: 0/3, 0 HR","platoon edge; pitcher baseline 10.7% barrel, 17.8 HR allowed",neutral batted-ball profile; pitcher fly-ball pressure modest,,
683357,Owen Caissie,MIA,COL,2026-07-02T00:40:00Z,Warmup,9,Kyle Freeland,607536,L,L,14.91,0.1897,90.31,100.6496,0.3866,0.1783,0.2845,74.87,53.8,30.41,30.41,39.25,7.3,10.66,45.13,90.89,0.4968,0.2029,29.64,17.8,17.8,17.8,Coors Field,120,88,13,In From RF,Yes,Yes,9,Yes,No,MLB Stats API; RotoWire,,H:2026/2025 P:2026/2025,,,Direct BvP not yet weighted; 2026/2025 Statcast baseline active,7,7,18,2,Hot streak: 2 HR in last 7 games,"same-side matchup; pitcher baseline 10.7% barrel, 17.8 HR allowed",neutral batted-ball profile; pitcher fly-ball pressure modest,,
664983,Jake McCarthy,COL,MIA,2026-07-02T00:40:00Z,Warmup,1,Max Meyer,676974,R,L,5.23,0.1739,84.98,96.4154,0.3831,0.128,0.3,70.71,11.65,36.96,22.36,25.85,5.4,8.36,42.88,89.87,0.3914,0.1581,26.35,9.2,9.2,9.2,Coors Field,120,88,13,In From RF,Yes,Yes,1,Yes,No,MLB Stats API; RotoWire,,H:2026/2025 P:2026/2025,,,Direct BvP not yet weighted; 2026/2025 Statcast baseline active,7,10,30,1,Contact streak: 10/30 over last 7 games,"platoon edge; pitcher baseline 8.4% barrel, 9.2 HR allowed",neutral batted-ball profile; pitcher fly-ball pressure modest,,
666160,Mickey Moniak,COL,MIA,2026-07-02T00:40:00Z,Warmup,2,Max Meyer,676974,R,L,12.96,0.2851,89.63,100.3599,0.4627,0.2287,0.3188,74.15,43.42,51.21,39.64,41.73,16.3,8.36,42.88,89.87,0.3914,0.1581,26.35,9.2,9.2,9.2,Coors Field,120,88,13,In From RF,Yes,Yes,2,Yes,No,MLB Stats API; RotoWire,,H:2026/2025 P:2026/2025,,,Direct BvP not yet weighted; 2026/2025 Statcast baseline active,7,2,22,1,"Last 7 games: 2/22, 1 HR","platoon edge; pitcher baseline 8.4% barrel, 9.2 HR allowed",fly-ball profile; pitcher fly-ball pressure modest,,
696100,Hunter Goodman,COL,MIA,2026-07-02T00:40:00Z,Warmup,3,Max Meyer,676974,R,R,16.12,0.2812,91.22,103.0456,0.4751,0.2406,0.3282,75.03,50.4,49.61,32.9,46.9,27.5,8.36,42.88,89.87,0.3914,0.1581,26.35,9.2,9.2,9.2,Coors Field,120,88,13,In From RF,Yes,Yes,3,Yes,No,MLB Stats API; RotoWire,,H:2026/2025 P:2026/2025,,,Direct BvP not yet weighted; 2026/2025 Statcast baseline active,7,7,29,5,Hot streak: 5 HR in last 7 games,"same-side matchup; pitcher baseline 8.4% barrel, 9.2 HR allowed",neutral batted-ball profile; pitcher fly-ball pressure modest,,
681198,TJ Rumfield,COL,MIA,2026-07-02T00:40:00Z,Warmup,4,Max Meyer,676974,R,L,6.1,0.196,84.4,96.9157,0.389,0.141,0.322,69.0,9.2,45.6,29.2,30.8,12.0,8.36,42.88,89.87,0.3914,0.1581,26.35,9.2,9.2,9.2,Coors Field,120,88,13,In From RF,Yes,Yes,4,Yes,No,MLB Stats API; RotoWire,,H:2026 P:2026/2025,,,Direct BvP not yet weighted; 2026/2025 Statcast baseline active,7,12,27,0,Contact streak: 12/27 over last 7 games,"platoon edge; pitcher baseline 8.4% barrel, 9.2 HR allowed",neutral batted-ball profile; pitcher fly-ball pressure modest,,
650489,Willi Castro,COL,MIA,2026-07-02T00:40:00Z,Warmup,5,Max Meyer,676974,R,S,6.15,0.1274,87.89,100.0261,0.3687,0.1309,0.3046,72.44,24.46,43.44,30.55,40.24,7.5,8.36,42.88,89.87,0.3914,0.1581,26.35,9.2,9.2,9.2,Coors Field,120,88,13,In From RF,Yes,Yes,5,Yes,No,MLB Stats API; RotoWire,,H:2026/2025 P:2026/2025,,,Direct BvP not yet weighted; 2026/2025 Statcast baseline active,7,8,32,1,"Last 7 games: 8/32, 1 HR","switch hitter; pitcher baseline 8.4% barrel, 9.2 HR allowed",neutral batted-ball profile; pitcher fly-ball pressure modest,,
671289,Tyler Freeman,COL,MIA,2026-07-02T00:40:00Z,Warmup,6,Max Meyer,676974,R,R,1.47,0.0877,88.28,98.2725,0.3537,0.0845,0.3194,70.53,11.8,35.0,19.96,35.29,2.7,8.36,42.88,89.87,0.3914,0.1581,26.35,9.2,9.2,9.2,Coors Field,120,88,13,In From RF,Yes,Yes,6,Yes,No,MLB Stats API; RotoWire,,H:2026/2025 P:2026/2025,,,Direct BvP not yet weighted; 2026/2025 Statcast baseline active,7,7,23,0,"Last 7 games: 7/23, 0 HR","same-side matchup; pitcher baseline 8.4% barrel, 9.2 HR allowed",neutral batted-ball profile; pitcher fly-ball pressure modest,,
687859,Troy Johnston,COL,MIA,2026-07-02T00:40:00Z,Warmup,7,Max Meyer,676974,R,L,4.5,0.129,89.25,98.8854,0.4118,0.1296,0.3338,70.11,4.67,38.95,23.23,37.9,3.3,8.36,42.88,89.87,0.3914,0.1581,26.35,9.2,9.2,9.2,Coors Field,120,88,13,In From RF,Yes,Yes,7,Yes,No,MLB Stats API; RotoWire,,H:2026/2025 P:2026/2025,,,Direct BvP not yet weighted; 2026/2025 Statcast baseline active,7,6,17,0,Contact streak: 6/17 over last 7 games,"platoon edge; pitcher baseline 8.4% barrel, 9.2 HR allowed",neutral batted-ball profile; pitcher fly-ball pressure modest,,
691720,Kyle Karros,COL,MIA,2026-07-02T00:40:00Z,Warmup,8,Max Meyer,676974,R,R,5.9,0.114,89.16,99.7442,0.3565,0.1138,0.3126,69.94,5.79,39.85,22.1,41.33,3.8,8.36,42.88,89.87,0.3914,0.1581,26.35,9.2,9.2,9.2,Coors Field,120,88,13,In From RF,Yes,Yes,8,Yes,No,MLB Stats API; RotoWire,,H:2026/2025 P:2026/2025,,,Direct BvP not yet weighted; 2026/2025 Statcast baseline active,7,7,17,1,Contact streak: 7/17 over last 7 games,"same-side matchup; pitcher baseline 8.4% barrel, 9.2 HR allowed",neutral batted-ball profile; pitcher fly-ball pressure modest,,
678662,Ezequiel Tovar,COL,MIA,2026-07-02T00:40:00Z,Warmup,9,Max Meyer,676974,R,R,7.69,0.1295,88.21,99.1247,0.3885,0.1562,0.2889,71.81,19.66,39.08,31.32,35.82,6.9,8.36,42.88,89.87,0.3914,0.1581,26.35,9.2,9.2,9.2,Coors Field,120,88,13,In From RF,Yes,Yes,9,Yes,No,MLB Stats API; RotoWire,,H:2026/2025 P:2026/2025,,,Direct BvP not yet weighted; 2026/2025 Statcast baseline active,7,4,24,1,"Last 7 games: 4/24, 1 HR","same-side matchup; pitcher baseline 8.4% barrel, 9.2 HR allowed",neutral batted-ball profile; pitcher fly-ball pressure modest,,
660271,Shohei Ohtani,LAD,ATH,2026-07-02T01:40:00Z,Pre-Game,1,J.T. Ginn,669372,R,L,18.67,0.2742,94.13,104.3576,0.593,0.305,0.4187,74.96,52.24,49.57,31.92,55.2,29.1,7.14,38.55,87.63,0.374,0.1379,22.73,11.4,11.4,11.4,Sutter Health Park,106,84,8,Out To CF,Yes,Yes,1,Yes,No,MLB Stats API; RotoWire,,H:2026/2025 P:2026/2025,,,Direct BvP not yet weighted; 2026/2025 Statcast baseline active,7,9,30,1,"Last 7 games: 9/30, 1 HR","platoon edge; pitcher baseline 7.1% barrel, 11.4 HR allowed",lift-pull EV profile; pitcher fly-ball pressure modest,,
681624,Andy Pages,LAD,ATH,2026-07-02T01:40:00Z,Pre-Game,2,J.T. Ginn,669372,R,R,8.89,0.2023,89.02,100.3147,0.4511,0.1833,0.3356,72.88,25.49,35.17,28.79,42.59,19.3,7.14,38.55,87.63,0.374,0.1379,22.73,11.4,11.4,11.4,Sutter Health Park,106,84,8,Out To CF,Yes,Yes,2,Yes,No,MLB Stats API; RotoWire,,H:2026/2025 P:2026/2025,,,Direct BvP not yet weighted; 2026/2025 Statcast baseline active,7,10,29,1,Contact streak: 10/29 over last 7 games,"same-side matchup; pitcher baseline 7.1% barrel, 11.4 HR allowed",neutral batted-ball profile; pitcher fly-ball pressure modest,,
518692,Freddie Freeman,LAD,ATH,2026-07-02T01:40:00Z,Pre-Game,3,J.T. Ginn,669372,R,L,11.24,0.2028,90.76,101.0097,0.4985,0.2112,0.378,70.25,8.33,36.05,29.1,45.7,16.3,7.14,38.55,87.63,0.374,0.1379,22.73,11.4,11.4,11.4,Sutter Health Park,106,84,8,Out To CF,Yes,Yes,3,Yes,No,MLB Stats API; RotoWire,,H:2026/2025 P:2026/2025,,,Direct BvP not yet weighted; 2026/2025 Statcast baseline active,7,14,28,0,Contact streak: 14/28 over last 7 games,"platoon edge; pitcher baseline 7.1% barrel, 11.4 HR allowed",neutral batted-ball profile; pitcher fly-ball pressure modest,,
571970,Max Muncy,LAD,ATH,2026-07-02T01:40:00Z,Pre-Game,4,J.T. Ginn,669372,R,L,14.37,0.241,90.53,101.5696,0.5033,0.252,0.3719,71.48,13.94,52.27,34.74,47.16,17.6,7.14,38.55,87.63,0.374,0.1379,22.73,11.4,11.4,11.4,Sutter Health Park,106,84,8,Out To CF,Yes,Yes,4,Yes,No,MLB Stats API; RotoWire,,H:2026/2025 P:2026/2025,,,Direct BvP not yet weighted; 2026/2025 Statcast baseline active,7,8,30,1,"Last 7 games: 8/30, 1 HR","platoon edge; pitcher baseline 7.1% barrel, 11.4 HR allowed",neutral batted-ball profile; pitcher fly-ball pressure modest,,
663656,Kyle Tucker,LAD,ATH,2026-07-02T01:40:00Z,Pre-Game,5,J.T. Ginn,669372,R,L,7.3,0.1574,89.4,99.0284,0.4095,0.1535,0.3398,71.44,21.78,44.22,32.0,39.91,11.5,7.14,38.55,87.63,0.374,0.1379,22.73,11.4,11.4,11.4,Sutter Health Park,106,84,8,Out To CF,Yes,Yes,5,Yes,No,MLB Stats API; RotoWire,,H:2026/2025 P:2026/2025,,,Direct BvP not yet weighted; 2026/2025 Statcast baseline active,7,6,24,1,"Last 7 games: 6/24, 1 HR","platoon edge; pitcher baseline 7.1% barrel, 11.4 HR allowed",neutral batted-ball profile; pitcher fly-ball pressure modest,,
669242,Tommy Edman,LAD,ATH,2026-07-02T01:40:00Z,Pre-Game,6,J.T. Ginn,669372,R,S,8.14,0.1759,89.91,100.1884,0.4677,0.1475,0.3693,70.62,13.75,42.11,23.14,39.06,4.6,7.14,38.55,87.63,0.374,0.1379,22.73,11.4,11.4,11.4,Sutter Health Park,106,84,8,Out To CF,Yes,Yes,6,Yes,No,MLB Stats API; RotoWire,,H:2026/2025 P:2026/2025,,,Direct BvP not yet weighted; 2026/2025 Statcast baseline active,7,10,25,1,Contact streak: 10/25 over last 7 games,"switch hitter; pitcher baseline 7.1% barrel, 11.4 HR allowed",neutral batted-ball profile; pitcher fly-ball pressure modest,,
690976,Alex Freeland,LAD,ATH,2026-07-02T01:40:00Z,Pre-Game,7,J.T. Ginn,669372,R,S,6.39,0.1011,89.37,98.813,0.327,0.121,0.2838,70.7,9.54,36.67,26.74,38.35,2.7,7.14,38.55,87.63,0.374,0.1379,22.73,11.4,11.4,11.4,Sutter Health Park,106,84,8,Out To CF,Yes,Yes,7,Yes,No,MLB Stats API; RotoWire,,H:2026/2025 P:2026/2025,,,Direct BvP not yet weighted; 2026/2025 Statcast baseline active,7,5,20,0,"Last 7 games: 5/20, 0 HR","switch hitter; pitcher baseline 7.1% barrel, 11.4 HR allowed",neutral batted-ball profile; pitcher fly-ball pressure modest,,
500743,Miguel Rojas,LAD,ATH,2026-07-02T01:40:00Z,Pre-Game,8,J.T. Ginn,669372,R,R,6.13,0.1322,87.74,98.4243,0.4021,0.1251,0.321,68.87,5.14,39.02,21.07,35.75,4.2,7.14,38.55,87.63,0.374,0.1379,22.73,11.4,11.4,11.4,Sutter Health Park,106,84,8,Out To CF,Yes,Yes,8,Yes,No,MLB Stats API; RotoWire,,H:2026/2025 P:2026/2025,,,Direct BvP not yet weighted; 2026/2025 Statcast baseline active,7,5,11,1,Contact streak: 5/11 over last 7 games,"same-side matchup; pitcher baseline 7.1% barrel, 11.4 HR allowed",neutral batted-ball profile; pitcher fly-ball pressure modest,,
642020,Chuckie Robinson,LAD,ATH,2026-07-02T01:40:00Z,Pre-Game,9,J.T. Ginn,669372,R,R,0.0,0.0,86.0,96.0226,0.1936,0.0157,0.1664,70.4,6.3,30.54,7.77,11.69,0.0,7.14,38.55,87.63,0.374,0.1379,22.73,11.4,11.4,11.4,Sutter Health Park,106,84,8,Out To CF,Yes,Yes,9,Yes,No,MLB Stats API; RotoWire,,H:2026/2025 P:2026/2025,,,Direct BvP not yet weighted; 2026/2025 Statcast baseline active,7,2,19,0,"Last 7 games: 2/19, 0 HR","same-side matchup; pitcher baseline 7.1% barrel, 11.4 HR allowed",neutral batted-ball profile; pitcher fly-ball pressure modest,,
669127,Shea Langeliers,ATH,LAD,2026-07-02T01:40:00Z,Pre-Game,1,,,,R,13.4,0.2359,91.32,102.2699,0.4959,0.2323,0.3504,74.85,49.54,39.53,31.73,43.78,22.6,,,,,,,,,,Sutter Health Park,106,84,8,Out To CF,Yes,Yes,1,Yes,No,MLB Stats API; RotoWire,,H:2026/2025 P:,,,Direct BvP not yet weighted; 2026/2025 Statcast baseline active,7,6,28,0,"Last 7 games: 6/28, 0 HR","handedness incomplete; pitcher baseline 0.0% barrel, 0.0 HR allowed",neutral batted-ball profile; pitcher fly-ball pressure modest,,
701762,Nick Kurtz,ATH,LAD,2026-07-02T01:40:00Z,Pre-Game,2,,,,L,18.43,0.2667,93.68,105.6343,0.5132,0.2626,0.3832,77.97,79.0,34.18,30.7,55.86,24.1,,,,,,,,,,Sutter Health Park,106,84,8,Out To CF,Yes,Yes,2,Yes,No,MLB Stats API; RotoWire,,H:2026/2025 P:,,,Direct BvP not yet weighted; 2026/2025 Statcast baseline active,7,4,25,0,"Last 7 games: 4/25, 0 HR","handedness incomplete; pitcher baseline 0.0% barrel, 0.0 HR allowed",EV profile; pitcher fly-ball pressure modest,,
687515,Colby Thomas,ATH,LAD,2026-07-02T01:40:00Z,Pre-Game,3,,,,R,12.46,0.1801,90.94,101.337,0.4208,0.2145,0.288,75.29,53.68,38.16,38.2,40.13,4.6,,,,,,,,,,Sutter Health Park,106,84,8,Out To CF,Yes,Yes,3,Yes,No,MLB Stats API; RotoWire,,H:2026/2025 P:,,,Direct BvP not yet weighted; 2026/2025 Statcast baseline active,7,5,20,2,Hot streak: 2 HR in last 7 games,"handedness incomplete; pitcher baseline 0.0% barrel, 0.0 HR allowed",fly-ball profile; pitcher fly-ball pressure modest,,
641680,Jonah Heim,ATH,LAD,2026-07-02T01:40:00Z,Pre-Game,4,,,,S,6.38,0.196,87.33,97.6589,0.3719,0.1438,0.2893,69.7,9.38,39.02,30.42,30.37,8.2,,,,,,,,,,Sutter Health Park,106,84,8,Out To CF,Yes,Yes,4,Yes,No,MLB Stats API; RotoWire,,H:2026/2025 P:,,,Direct BvP not yet weighted; 2026/2025 Statcast baseline active,7,5,25,1,"Last 7 games: 5/25, 1 HR","switch hitter; pitcher baseline 0.0% barrel, 0.0 HR allowed",neutral batted-ball profile; pitcher fly-ball pressure modest,,
811965,Joshua Kuroda-Grauer,ATH,LAD,2026-07-02T01:40:00Z,Pre-Game,5,,,,R,0.0,0.142,83.6,90.8716,0.417,0.081,0.33,68.5,7.7,14.3,28.6,14.3,0.0,,,,,,,,,,Sutter Health Park,106,84,8,Out To CF,Yes,Yes,5,Yes,No,MLB Stats API; RotoWire,,H:2026 P:,,,Direct BvP not yet weighted; 2026/2025 Statcast baseline active,2,3,7,0,Contact streak: 3/7 over last 2 games,"handedness incomplete; pitcher baseline 0.0% barrel, 0.0 HR allowed",neutral batted-ball profile; pitcher fly-ball pressure modest,,
671732,Lawrence Butler,ATH,LAD,2026-07-02T01:40:00Z,Pre-Game,6,,,,L,7.66,0.1245,89.17,102.0257,0.3776,0.1374,0.3089,73.87,37.94,34.54,19.76,43.7,9.8,,,,,,,,,,Sutter Health Park,106,84,8,Out To CF,Yes,Yes,6,Yes,No,MLB Stats API; RotoWire,,H:2026/2025 P:,,,Direct BvP not yet weighted; 2026/2025 Statcast baseline active,7,5,20,0,"Last 7 games: 5/20, 0 HR","handedness incomplete; pitcher baseline 0.0% barrel, 0.0 HR allowed",neutral batted-ball profile; pitcher fly-ball pressure modest,,
703607,Henry Bolte,ATH,LAD,2026-07-02T01:40:00Z,Pre-Game,7,,,,R,6.3,0.084,90.2,103.9203,0.341,0.11,0.303,76.9,72.6,30.9,19.6,47.9,2.0,,,,,,,,,,Sutter Health Park,106,84,8,Out To CF,Yes,Yes,7,Yes,No,MLB Stats API; RotoWire,,H:2026 P:,,,Direct BvP not yet weighted; 2026/2025 Statcast baseline active,7,6,28,0,"Last 7 games: 6/28, 0 HR","handedness incomplete; pitcher baseline 0.0% barrel, 0.0 HR allowed",neutral batted-ball profile; pitcher fly-ball pressure modest,,
643446,Jeff McNeil,ATH,LAD,2026-07-02T01:40:00Z,Pre-Game,8,,,,L,2.16,0.1043,86.43,96.5377,0.36,0.0943,0.3111,68.81,5.09,42.16,22.63,31.57,5.7,,,,,,,,,,Sutter Health Park,106,84,8,Out To CF,Yes,Yes,8,Yes,No,MLB Stats API; RotoWire,,H:2026/2025 P:,,,Direct BvP not yet weighted; 2026/2025 Statcast baseline active,7,5,23,0,"Last 7 games: 5/23, 0 HR","handedness incomplete; pitcher baseline 0.0% barrel, 0.0 HR allowed",neutral batted-ball profile; pitcher fly-ball pressure modest,,
675961,Alika Williams,ATH,LAD,2026-07-02T01:40:00Z,Pre-Game,9,,,,R,0.0,0.136,86.6,97.2996,0.274,0.054,0.229,69.2,4.7,31.9,23.4,34.8,1.0,,,,,,,,,,Sutter Health Park,106,84,8,Out To CF,Yes,Yes,9,Yes,No,MLB Stats API; RotoWire,,H:2026 P:,,,Direct BvP not yet weighted; 2026/2025 Statcast baseline active,7,7,22,0,"Last 7 games: 7/22, 0 HR","handedness incomplete; pitcher baseline 0.0% barrel, 0.0 HR allowed",neutral batted-ball profile; pitcher fly-ball pressure modest,,
650333,Luis Arraez,SF,AZ,2026-07-02T01:40:00Z,Pre-Game,1,Zac Gallen,668678,R,L,0.75,0.1273,87.01,94.2858,0.3742,0.0872,0.3051,63.02,0.12,30.17,27.47,21.32,5.2,10.05,43.63,90.38,0.4907,0.2018,28.69,19.8,19.8,19.8,Chase Field,101,74,0,None,Yes,Yes,1,Yes,No,MLB Stats API; RotoWire,,H:2026/2025 P:2026/2025,,,Direct BvP not yet weighted; 2026/2025 Statcast baseline active,7,11,24,1,Contact streak: 11/24 over last 7 games,"platoon edge; pitcher baseline 10.1% barrel, 19.8 HR allowed",neutral batted-ball profile; pitcher fly-ball pressure modest,,
669477,Casey Schmitt,SF,AZ,2026-07-02T01:40:00Z,Pre-Game,2,Zac Gallen,668678,R,R,11.8,0.199,89.78,100.7861,0.499,0.2122,0.3539,72.19,25.64,40.71,32.52,44.01,14.8,10.05,43.63,90.38,0.4907,0.2018,28.69,19.8,19.8,19.8,Chase Field,101,74,0,None,Yes,Yes,2,Yes,No,MLB Stats API; RotoWire,,H:2026/2025 P:2026/2025,,,Direct BvP not yet weighted; 2026/2025 Statcast baseline active,7,2,23,0,"Last 7 games: 2/23, 0 HR","same-side matchup; pitcher baseline 10.1% barrel, 19.8 HR allowed",neutral batted-ball profile; pitcher fly-ball pressure modest,,
805811,Bryce Eldridge,SF,AZ,2026-07-02T01:40:00Z,Pre-Game,3,Zac Gallen,668678,R,L,15.69,0.1588,93.08,103.421,0.5002,0.2575,0.3685,72.97,28.16,40.86,35.79,59.14,4.2,10.05,43.63,90.38,0.4907,0.2018,28.69,19.8,19.8,19.8,Chase Field,101,74,0,None,Yes,Yes,3,Yes,No,MLB Stats API; RotoWire,,H:2026/2025 P:2026/2025,,,Direct BvP not yet weighted; 2026/2025 Statcast baseline active,7,4,24,0,"Last 7 games: 4/24, 0 HR","platoon edge; pitcher baseline 10.1% barrel, 19.8 HR allowed",lift-pull EV profile; pitcher fly-ball pressure modest,,
646240,Rafael Devers,SF,AZ,2026-07-02T01:40:00Z,Pre-Game,4,Zac Gallen,668678,R,L,12.99,0.22,92.59,103.0151,0.4541,0.2231,0.3292,71.6,19.73,32.3,33.11,52.74,21.0,10.05,43.63,90.38,0.4907,0.2018,28.69,19.8,19.8,19.8,Chase Field,101,74,0,None,Yes,Yes,4,Yes,No,MLB Stats API; RotoWire,,H:2026/2025 P:2026/2025,,,Direct BvP not yet weighted; 2026/2025 Statcast baseline active,7,7,25,4,Hot streak: 4 HR in last 7 games,"platoon edge; pitcher baseline 10.1% barrel, 19.8 HR allowed",EV profile; pitcher fly-ball pressure modest,,
671218,Heliot Ramos,SF,AZ,2026-07-02T01:40:00Z,Pre-Game,5,Zac Gallen,668678,R,R,12.72,0.1594,91.8,103.0202,0.4471,0.1834,0.3284,72.6,28.74,35.62,23.51,48.66,9.8,10.05,43.63,90.38,0.4907,0.2018,28.69,19.8,19.8,19.8,Chase Field,101,74,0,None,Yes,Yes,5,Yes,No,MLB Stats API; RotoWire,,H:2026/2025 P:2026/2025,,,Direct BvP not yet weighted; 2026/2025 Statcast baseline active,7,4,24,1,"Last 7 games: 4/24, 1 HR","same-side matchup; pitcher baseline 10.1% barrel, 19.8 HR allowed",neutral batted-ball profile; pitcher fly-ball pressure modest,,
808982,Jung Hoo Lee,SF,AZ,2026-07-02T01:40:00Z,Pre-Game,6,Zac Gallen,668678,R,L,2.93,0.1389,87.31,96.6518,0.3913,0.0989,0.3217,68.37,3.05,38.67,22.52,30.18,5.9,10.05,43.63,90.38,0.4907,0.2018,28.69,19.8,19.8,19.8,Chase Field,101,74,0,None,Yes,Yes,6,Yes,No,MLB Stats API; RotoWire,,H:2026/2025 P:2026/2025,,,Direct BvP not yet weighted; 2026/2025 Statcast baseline active,7,4,25,0,"Last 7 games: 4/25, 0 HR","platoon edge; pitcher baseline 10.1% barrel, 19.8 HR allowed",neutral batted-ball profile; pitcher fly-ball pressure modest,,
682674,Victor Bericoto,SF,AZ,2026-07-02T01:40:00Z,Pre-Game,7,Zac Gallen,668678,R,R,16.0,0.285,89.4,100.8581,0.458,0.269,0.28,74.7,50.7,40.0,32.0,48.0,3.0,10.05,43.63,90.38,0.4907,0.2018,28.69,19.8,19.8,19.8,Chase Field,101,74,0,None,Yes,Yes,7,Yes,No,MLB Stats API; RotoWire,,H:2026 P:2026/2025,,,Direct BvP not yet weighted; 2026/2025 Statcast baseline active,7,7,20,2,Hot streak: 2 HR in last 7 games,"same-side matchup; pitcher baseline 10.1% barrel, 19.8 HR allowed",neutral batted-ball profile; pitcher fly-ball pressure modest,,
701852,Drew Cavanaugh,SF,AZ,2026-07-02T01:40:00Z,Pre-Game,8,Zac Gallen,668678,R,L,0.0,0.0,86.7,96.5779,0.381,0.113,0.319,70.8,18.2,33.3,11.1,33.3,0.0,10.05,43.63,90.38,0.4907,0.2018,28.69,19.8,19.8,19.8,Chase Field,101,74,0,None,Yes,Yes,8,Yes,No,MLB Stats API; RotoWire,,H:2026 P:2026/2025,,,Direct BvP not yet weighted; 2026/2025 Statcast baseline active,4,2,10,0,"Last 4 games: 2/10, 0 HR","platoon edge; pitcher baseline 10.1% barrel, 19.8 HR allowed",neutral batted-ball profile; pitcher fly-ball pressure modest,,
683766,Christian Koss,SF,AZ,2026-07-02T01:40:00Z,Pre-Game,9,Zac Gallen,668678,R,R,1.8,0.0816,84.52,94.459,0.2214,0.0543,0.2039,70.25,5.16,26.68,29.34,21.77,0.9,10.05,43.63,90.38,0.4907,0.2018,28.69,19.8,19.8,19.8,Chase Field,101,74,0,None,Yes,Yes,9,Yes,No,MLB Stats API; RotoWire,,H:2026/2025 P:2026/2025,,,Direct BvP not yet weighted; 2026/2025 Statcast baseline active,7,1,11,0,"Last 7 games: 1/11, 0 HR","same-side matchup; pitcher baseline 10.1% barrel, 19.8 HR allowed",neutral batted-ball profile; pitcher fly-ball pressure modest,,
606466,Ketel Marte,AZ,SF,2026-07-02T01:40:00Z,Pre-Game,1,Trevor McDonald,686790,R,S,12.17,0.2249,91.22,103.0783,0.5235,0.2273,0.3809,74.6,45.64,50.45,27.99,46.58,20.3,4.5,40.0,89.3,0.3662,0.1178,15.13,3.1,3.1,3.1,Chase Field,101,74,0,None,Yes,,,No,Yes,MLB Stats API; RotoWire,not found on RotoWire,H:2026/2025 P:2026/2025,,,Direct BvP not yet weighted; 2026/2025 Statcast baseline active,7,8,28,5,Hot streak: 5 HR in last 7 games,"switch hitter; pitcher baseline 4.5% barrel, 3.1 HR allowed",neutral batted-ball profile; pitcher fly-ball pressure modest,,
672695,Geraldo Perdomo,AZ,SF,2026-07-02T01:40:00Z,Pre-Game,2,Trevor McDonald,686790,R,S,4.1,0.1328,87.18,96.9016,0.3708,0.1068,0.3413,67.32,1.38,45.27,23.42,31.27,9.5,4.5,40.0,89.3,0.3662,0.1178,15.13,3.1,3.1,3.1,Chase Field,101,74,0,None,Yes,,,No,Yes,MLB Stats API; RotoWire,not found on RotoWire,H:2026/2025 P:2026/2025,,,Direct BvP not yet weighted; 2026/2025 Statcast baseline active,7,8,26,1,"Last 7 games: 8/26, 1 HR","switch hitter; pitcher baseline 4.5% barrel, 3.1 HR allowed",neutral batted-ball profile; pitcher fly-ball pressure modest,,
682998,Corbin Carroll,AZ,SF,2026-07-02T01:40:00Z,Pre-Game,3,Trevor McDonald,686790,R,L,12.96,0.2589,91.75,102.5815,0.4891,0.225,0.3629,75.33,56.45,44.85,28.71,48.15,18.4,4.5,40.0,89.3,0.3662,0.1178,15.13,3.1,3.1,3.1,Chase Field,101,74,0,None,Yes,,,No,Yes,MLB Stats API; RotoWire,not found on RotoWire,H:2026/2025 P:2026/2025,,,Direct BvP not yet weighted; 2026/2025 Statcast baseline active,7,4,27,0,"Last 7 games: 4/27, 0 HR","platoon edge; pitcher baseline 4.5% barrel, 3.1 HR allowed",neutral batted-ball profile; pitcher fly-ball pressure modest,,
672515,Gabriel Moreno,AZ,SF,2026-07-02T01:40:00Z,Pre-Game,4,Trevor McDonald,686790,R,R,8.15,0.1522,90.26,99.8462,0.4558,0.1733,0.3635,71.32,19.82,37.32,26.73,44.8,6.9,4.5,40.0,89.3,0.3662,0.1178,15.13,3.1,3.1,3.1,Chase Field,101,74,0,None,Yes,,,No,Yes,MLB Stats API; RotoWire,not found on RotoWire,H:2026/2025 P:2026/2025,,,Direct BvP not yet weighted; 2026/2025 Statcast baseline active,7,7,21,0,Contact streak: 7/21 over last 7 games,"same-side matchup; pitcher baseline 4.5% barrel, 3.1 HR allowed",neutral batted-ball profile; pitcher fly-ball pressure modest,,
666971,Lourdes Gurriel Jr.,AZ,SF,2026-07-02T01:40:00Z,Pre-Game,5,Trevor McDonald,686790,R,R,5.87,0.1224,87.1,97.5677,0.3521,0.1108,0.2912,70.67,9.04,39.29,23.66,34.38,7.1,4.5,40.0,89.3,0.3662,0.1178,15.13,3.1,3.1,3.1,Chase Field,101,74,0,None,Yes,,,No,Yes,MLB Stats API; RotoWire,not found on RotoWire,H:2026/2025 P:2026/2025,,,Direct BvP not yet weighted; 2026/2025 Statcast baseline active,7,8,28,1,"Last 7 games: 8/28, 1 HR","same-side matchup; pitcher baseline 4.5% barrel, 3.1 HR allowed",neutral batted-ball profile; pitcher fly-ball pressure modest,,
680728,Adrian Del Castillo,AZ,SF,2026-07-02T01:40:00Z,Pre-Game,6,Trevor McDonald,686790,R,L,6.28,0.1227,89.55,99.0668,0.3332,0.1317,0.2627,72.33,23.69,35.91,32.89,42.79,4.0,4.5,40.0,89.3,0.3662,0.1178,15.13,3.1,3.1,3.1,Chase Field,101,74,0,None,Yes,,,No,Yes,MLB Stats API; RotoWire,not found on RotoWire,H:2026/2025 P:2026/2025,,,Direct BvP not yet weighted; 2026/2025 Statcast baseline active,7,4,22,0,"Last 7 games: 4/22, 0 HR","platoon edge; pitcher baseline 4.5% barrel, 3.1 HR allowed",neutral batted-ball profile; pitcher fly-ball pressure modest,,
571448,Nolan Arenado,AZ,SF,2026-07-02T01:40:00Z,Pre-Game,7,Trevor McDonald,686790,R,R,5.82,0.1498,85.61,96.971,0.3618,0.122,0.296,71.33,15.64,43.36,27.16,31.69,9.9,4.5,40.0,89.3,0.3662,0.1178,15.13,3.1,3.1,3.1,Chase Field,101,74,0,None,Yes,,,No,Yes,MLB Stats API; RotoWire,not found on RotoWire,H:2026/2025 P:2026/2025,,,Direct BvP not yet weighted; 2026/2025 Statcast baseline active,7,7,25,1,"Last 7 games: 7/25, 1 HR","same-side matchup; pitcher baseline 4.5% barrel, 3.1 HR allowed",neutral batted-ball profile; pitcher fly-ball pressure modest,,
656976,Pavin Smith,AZ,SF,2026-07-02T01:40:00Z,Pre-Game,8,Trevor McDonald,686790,R,L,6.31,0.0983,86.74,97.4131,0.2797,0.099,0.2721,71.37,14.04,40.27,31.21,33.43,3.1,4.5,40.0,89.3,0.3662,0.1178,15.13,3.1,3.1,3.1,Chase Field,101,74,0,None,Yes,,,No,Yes,MLB Stats API; RotoWire,not found on RotoWire,H:2026/2025 P:2026/2025,,,Direct BvP not yet weighted; 2026/2025 Statcast baseline active,7,1,23,0,"Last 7 games: 1/23, 0 HR","platoon edge; pitcher baseline 4.5% barrel, 3.1 HR allowed",neutral batted-ball profile; pitcher fly-ball pressure modest,,
694371,Tommy Troy,AZ,SF,2026-07-02T01:40:00Z,Pre-Game,9,Trevor McDonald,686790,R,R,11.1,0.147,84.8,98.5243,0.409,0.168,0.317,71.8,21.2,29.2,23.6,30.6,3.0,4.5,40.0,89.3,0.3662,0.1178,15.13,3.1,3.1,3.1,Chase Field,101,74,0,None,Yes,,,No,Yes,MLB Stats API; RotoWire,not found on RotoWire,H:2026 P:2026/2025,,,Direct BvP not yet weighted; 2026/2025 Statcast baseline active,7,5,24,1,"Last 7 games: 5/24, 1 HR","same-side matchup; pitcher baseline 4.5% barrel, 3.1 HR allowed",neutral batted-ball profile; pitcher fly-ball pressure modest,,
