rank,hitter_id,player,team,opponent,game_start_time,game_status,batting_order,pitcher,pitcher_id,pitcher_hand,hr_score,tier,play_type,reason_tags,power_score,pitcher_score,environment_score,lineup_score,platoon_score,recent_form_score,confirmed_lineup,rotowire_confirmed_lineup,rotowire_batting_order,rotowire_player_found,lineup_disagreement,lineup_sources_used,source_warnings,stat_years_used,bvp_pa,bvp_hr,bvp_note,recent_games,recent_hits,recent_abs,recent_hr,recent_form_note,split_matchup_note,pitch_mix_note,barrel_pct,hard_hit_pct,avg_exit_velocity,ev50,xslg,xiso,xwoba,bat_speed,fast_swing_pct,pull_pct,fb_pct,hr_total,iso,pitcher_barrel_pct_allowed,pitcher_hard_hit_pct_allowed,pitcher_avg_exit_velocity_allowed,pitcher_xslg_allowed,pitcher_xiso_allowed,pitcher_fb_pct_allowed,wind_direction,weather_temp,ballpark,odds
1,660271,Shohei Ohtani,LAD,ATH,2026-07-02T01:40:00Z,Pre-Game,1,J.T. Ginn,669372,R,67.6,Tier 3,Watch List,"Elite Power, Strong Barrel, Good Environment, Premium Lineup Spot, Platoon Edge",81.2,31.3,71.9,93.2,80.0,45.3,Yes,Yes,1,Yes,No,MLB Stats API; RotoWire,,H:2026/2025 P:2026/2025,,,Direct BvP not yet weighted; 2026/2025 Statcast baseline active,7,9,30,1,"Last 7 games: 9/30, 1 HR","platoon edge; pitcher baseline 7.1% barrel, 11.4 HR allowed",lift-pull EV profile; pitcher fly-ball pressure modest,18.67,55.2,94.13,104.3576,0.593,0.305,0.4187,74.96,52.24,49.57,31.92,29.1,0.2742,7.14,38.55,87.63,0.374,0.1379,22.73,Out To CF,84,Sutter Health Park,
2,701762,Nick Kurtz,ATH,LAD,2026-07-02T01:40:00Z,Pre-Game,2,,,,65.7,Tier 3,Watch List,"Elite Power, Strong Barrel, Good Environment, Premium Lineup Spot",76.6,41.2,71.9,100.0,60.0,6.0,Yes,Yes,2,Yes,No,MLB Stats API; RotoWire,,H:2026/2025 P:,,,Direct BvP not yet weighted; 2026/2025 Statcast baseline active,7,4,25,0,"Last 7 games: 4/25, 0 HR","handedness incomplete; pitcher baseline 0.0% barrel, 0.0 HR allowed",EV profile; pitcher fly-ball pressure modest,18.43,55.86,93.68,105.6343,0.5132,0.2626,0.3832,77.97,79.0,34.18,30.7,24.1,0.2667,,,,,,,Out To CF,84,Sutter Health Park,
3,805811,Bryce Eldridge,SF,AZ,2026-07-02T01:40:00Z,Pre-Game,3,Zac Gallen,668678,R,65.0,Tier 3,Watch List,"Strong Barrel, Premium Lineup Spot, Platoon Edge",70.7,59.3,42.7,96.6,80.0,7.0,Yes,Yes,3,Yes,No,MLB Stats API; RotoWire,,H:2026/2025 P:2026/2025,,,Direct BvP not yet weighted; 2026/2025 Statcast baseline active,7,4,24,0,"Last 7 games: 4/24, 0 HR","platoon edge; pitcher baseline 10.1% barrel, 19.8 HR allowed",lift-pull EV profile; pitcher fly-ball pressure modest,15.69,59.14,93.08,103.421,0.5002,0.2575,0.3685,72.97,28.16,40.86,35.79,4.2,0.1588,10.05,43.63,90.38,0.4907,0.2018,28.69,None,74,Chase Field,
4,646240,Rafael Devers,SF,AZ,2026-07-02T01:40:00Z,Pre-Game,4,Zac Gallen,668678,R,64.3,Tier 3,Watch List,"Strong Barrel, Premium Lineup Spot, Platoon Edge, Hot Hitter/Streak",58.1,59.3,42.7,94.9,80.0,79.0,Yes,Yes,4,Yes,No,MLB Stats API; RotoWire,,H:2026/2025 P:2026/2025,,,Direct BvP not yet weighted; 2026/2025 Statcast baseline active,7,7,25,4,Hot streak: 4 HR in last 7 games,"platoon edge; pitcher baseline 10.1% barrel, 19.8 HR allowed",EV profile; pitcher fly-ball pressure modest,12.99,52.74,92.59,103.0151,0.4541,0.2231,0.3292,71.6,19.73,32.3,33.11,21.0,0.22,10.05,43.63,90.38,0.4907,0.2018,28.69,None,74,Chase Field,
5,696100,Hunter Goodman,COL,MIA,2026-07-02T00:40:00Z,Warmup,3,Max Meyer,676974,R,61.9,Tier 3,Watch List,"Strong Barrel, Premium Lineup Spot, Hot Hitter/Streak",62.3,42.7,62.7,96.6,50.0,73.2,Yes,Yes,3,Yes,No,MLB Stats API; RotoWire,,H:2026/2025 P:2026/2025,,,Direct BvP not yet weighted; 2026/2025 Statcast baseline active,7,7,29,5,Hot streak: 5 HR in last 7 games,"same-side matchup; pitcher baseline 8.4% barrel, 9.2 HR allowed",neutral batted-ball profile; pitcher fly-ball pressure modest,16.12,46.9,91.22,103.0456,0.4751,0.2406,0.3282,75.03,50.4,49.61,32.9,27.5,0.2812,8.36,42.88,89.87,0.3914,0.1581,26.35,In From RF,88,Coors Field,
6,681715,Heriberto Hernández,MIA,COL,2026-07-02T00:40:00Z,Warmup,4,Kyle Freeland,607536,L,61.7,Tier 3,Watch List,"Premium Lineup Spot, Platoon Edge",48.4,62.5,62.7,94.9,78.0,19.9,Yes,Yes,4,Yes,No,MLB Stats API; RotoWire,,H:2026/2025 P:2026/2025,,,Direct BvP not yet weighted; 2026/2025 Statcast baseline active,7,3,23,1,"Last 7 games: 3/23, 1 HR","platoon edge; pitcher baseline 10.7% barrel, 17.8 HR allowed",neutral batted-ball profile; pitcher fly-ball pressure modest,9.46,47.22,91.32,101.4964,0.4525,0.2019,0.3417,74.31,46.57,46.96,30.69,8.6,0.1755,10.66,45.13,90.89,0.4968,0.2029,29.64,In From RF,88,Coors Field,
7,571970,Max Muncy,LAD,ATH,2026-07-02T01:40:00Z,Pre-Game,4,J.T. Ginn,669372,R,60.3,Tier 3,Watch List,"Strong Barrel, Good Environment, Premium Lineup Spot, Platoon Edge",59.0,31.3,71.9,94.9,80.0,40.3,Yes,Yes,4,Yes,No,MLB Stats API; RotoWire,,H:2026/2025 P:2026/2025,,,Direct BvP not yet weighted; 2026/2025 Statcast baseline active,7,8,30,1,"Last 7 games: 8/30, 1 HR","platoon edge; pitcher baseline 7.1% barrel, 11.4 HR allowed",neutral batted-ball profile; pitcher fly-ball pressure modest,14.37,47.16,90.53,101.5696,0.5033,0.252,0.3719,71.48,13.94,52.27,34.74,17.6,0.241,7.14,38.55,87.63,0.374,0.1379,22.73,Out To CF,84,Sutter Health Park,
8,669065,Kyle Stowers,MIA,COL,2026-07-02T00:40:00Z,Warmup,6,Kyle Freeland,607536,L,60.1,Tier 3,Watch List,Strong Barrel,57.9,62.5,62.7,76.2,50.0,28.6,Yes,Yes,6,Yes,No,MLB Stats API; RotoWire,,H:2026/2025 P:2026/2025,,,Direct BvP not yet weighted; 2026/2025 Statcast baseline active,7,9,29,0,"Last 7 games: 9/29, 0 HR","same-side matchup; pitcher baseline 10.7% barrel, 17.8 HR allowed",neutral batted-ball profile; pitcher fly-ball pressure modest,13.64,52.49,91.03,102.9285,0.4649,0.2181,0.3449,74.93,50.86,47.32,28.14,13.1,0.2168,10.66,45.13,90.89,0.4968,0.2029,29.64,In From RF,88,Coors Field,
9,687515,Colby Thomas,ATH,LAD,2026-07-02T01:40:00Z,Pre-Game,3,,,,59.4,Longshot,Watch List,"Strong Barrel, Good Environment, Premium Lineup Spot",51.4,41.2,71.9,96.6,60.0,56.2,Yes,Yes,3,Yes,No,MLB Stats API; RotoWire,,H:2026/2025 P:,,,Direct BvP not yet weighted; 2026/2025 Statcast baseline active,7,5,20,2,Hot streak: 2 HR in last 7 games,"handedness incomplete; pitcher baseline 0.0% barrel, 0.0 HR allowed",fly-ball profile; pitcher fly-ball pressure modest,12.46,40.13,90.94,101.337,0.4208,0.2145,0.288,75.29,53.68,38.16,38.2,4.6,0.1801,,,,,,,Out To CF,84,Sutter Health Park,
10,666160,Mickey Moniak,COL,MIA,2026-07-02T00:40:00Z,Warmup,2,Max Meyer,676974,R,59.3,Longshot,Watch List,"Strong Barrel, Premium Lineup Spot, Platoon Edge",53.1,42.7,62.7,100.0,80.0,18.3,Yes,Yes,2,Yes,No,MLB Stats API; RotoWire,,H:2026/2025 P:2026/2025,,,Direct BvP not yet weighted; 2026/2025 Statcast baseline active,7,2,22,1,"Last 7 games: 2/22, 1 HR","platoon edge; pitcher baseline 8.4% barrel, 9.2 HR allowed",fly-ball profile; pitcher fly-ball pressure modest,12.96,41.73,89.63,100.3599,0.4627,0.2287,0.3188,74.15,43.42,51.21,39.64,16.3,0.2851,8.36,42.88,89.87,0.3914,0.1581,26.35,In From RF,88,Coors Field,
11,672640,Otto Lopez,MIA,COL,2026-07-02T00:40:00Z,Warmup,1,Kyle Freeland,607536,L,59.1,Longshot,Watch List,"Premium Lineup Spot, Platoon Edge, Hot Hitter/Streak",33.6,62.5,62.7,93.2,78.0,70.4,Yes,Yes,1,Yes,No,MLB Stats API; RotoWire,,H:2026/2025 P:2026/2025,,,Direct BvP not yet weighted; 2026/2025 Statcast baseline active,7,10,29,2,Hot streak: 2 HR in last 7 games,"platoon edge; pitcher baseline 10.7% barrel, 17.8 HR allowed",neutral batted-ball profile; pitcher fly-ball pressure modest,7.03,41.66,89.41,100.5831,0.4424,0.1573,0.3342,71.98,24.8,32.23,22.78,9.4,0.1437,10.66,45.13,90.89,0.4968,0.2029,29.64,In From RF,88,Coors Field,
12,669127,Shea Langeliers,ATH,LAD,2026-07-02T01:40:00Z,Pre-Game,1,,,,58.6,Longshot,Watch List,"Strong Barrel, Good Environment, Premium Lineup Spot",56.8,41.2,71.9,93.2,60.0,14.1,Yes,Yes,1,Yes,No,MLB Stats API; RotoWire,,H:2026/2025 P:,,,Direct BvP not yet weighted; 2026/2025 Statcast baseline active,7,6,28,0,"Last 7 games: 6/28, 0 HR","handedness incomplete; pitcher baseline 0.0% barrel, 0.0 HR allowed",neutral batted-ball profile; pitcher fly-ball pressure modest,13.4,43.78,91.32,102.2699,0.4959,0.2323,0.3504,74.85,49.54,39.53,31.73,22.6,0.2359,,,,,,,Out To CF,84,Sutter Health Park,
13,682674,Victor Bericoto,SF,AZ,2026-07-02T01:40:00Z,Pre-Game,7,Zac Gallen,668678,R,58.0,Longshot,Watch List,"Strong Barrel, Hot Hitter/Streak",61.6,59.3,42.7,64.3,50.0,71.2,Yes,Yes,7,Yes,No,MLB Stats API; RotoWire,,H:2026 P:2026/2025,,,Direct BvP not yet weighted; 2026/2025 Statcast baseline active,7,7,20,2,Hot streak: 2 HR in last 7 games,"same-side matchup; pitcher baseline 10.1% barrel, 19.8 HR allowed",neutral batted-ball profile; pitcher fly-ball pressure modest,16.0,48.0,89.4,100.8581,0.458,0.269,0.28,74.7,50.7,40.0,32.0,3.0,0.285,10.05,43.63,90.38,0.4907,0.2018,28.69,None,74,Chase Field,
14,518692,Freddie Freeman,LAD,ATH,2026-07-02T01:40:00Z,Pre-Game,3,J.T. Ginn,669372,R,57.5,Longshot,Watch List,"Strong Barrel, Good Environment, Premium Lineup Spot, Platoon Edge",49.1,31.3,71.9,96.6,80.0,45.0,Yes,Yes,3,Yes,No,MLB Stats API; RotoWire,,H:2026/2025 P:2026/2025,,,Direct BvP not yet weighted; 2026/2025 Statcast baseline active,7,14,28,0,Contact streak: 14/28 over last 7 games,"platoon edge; pitcher baseline 7.1% barrel, 11.4 HR allowed",neutral batted-ball profile; pitcher fly-ball pressure modest,11.24,45.7,90.76,101.0097,0.4985,0.2112,0.378,70.25,8.33,36.05,29.1,16.3,0.2028,7.14,38.55,87.63,0.374,0.1379,22.73,Out To CF,84,Sutter Health Park,
15,669477,Casey Schmitt,SF,AZ,2026-07-02T01:40:00Z,Pre-Game,2,Zac Gallen,668678,R,55.6,Longshot,Watch List,"Strong Barrel, Premium Lineup Spot",49.8,59.3,42.7,100.0,50.0,0.0,Yes,Yes,2,Yes,No,MLB Stats API; RotoWire,,H:2026/2025 P:2026/2025,,,Direct BvP not yet weighted; 2026/2025 Statcast baseline active,7,2,23,0,"Last 7 games: 2/23, 0 HR","same-side matchup; pitcher baseline 10.1% barrel, 19.8 HR allowed",neutral batted-ball profile; pitcher fly-ball pressure modest,11.8,44.01,89.78,100.7861,0.499,0.2122,0.3539,72.19,25.64,40.71,32.52,14.8,0.199,10.05,43.63,90.38,0.4907,0.2018,28.69,None,74,Chase Field,
16,671218,Heliot Ramos,SF,AZ,2026-07-02T01:40:00Z,Pre-Game,5,Zac Gallen,668678,R,55.2,Longshot,Watch List,Strong Barrel,50.5,59.3,42.7,86.4,50.0,25.3,Yes,Yes,5,Yes,No,MLB Stats API; RotoWire,,H:2026/2025 P:2026/2025,,,Direct BvP not yet weighted; 2026/2025 Statcast baseline active,7,4,24,1,"Last 7 games: 4/24, 1 HR","same-side matchup; pitcher baseline 10.1% barrel, 19.8 HR allowed",neutral batted-ball profile; pitcher fly-ball pressure modest,12.72,48.66,91.8,103.0202,0.4471,0.1834,0.3284,72.6,28.74,35.62,23.51,9.8,0.1594,10.05,43.63,90.38,0.4907,0.2018,28.69,None,74,Chase Field,
17,683357,Owen Caissie,MIA,COL,2026-07-02T00:40:00Z,Warmup,9,Kyle Freeland,607536,L,55.0,Longshot,Watch List,"Strong Barrel, Hot Hitter/Streak",48.4,62.5,62.7,44.8,50.0,77.0,Yes,Yes,9,Yes,No,MLB Stats API; RotoWire,,H:2026/2025 P:2026/2025,,,Direct BvP not yet weighted; 2026/2025 Statcast baseline active,7,7,18,2,Hot streak: 2 HR in last 7 games,"same-side matchup; pitcher baseline 10.7% barrel, 17.8 HR allowed",neutral batted-ball profile; pitcher fly-ball pressure modest,14.91,39.25,90.31,100.6496,0.3866,0.1783,0.2845,74.87,53.8,30.41,30.41,7.3,0.1897,10.66,45.13,90.89,0.4968,0.2029,29.64,In From RF,88,Coors Field,
18,606466,Ketel Marte,AZ,SF,2026-07-02T01:40:00Z,Pre-Game,1,Trevor McDonald,686790,R,54.1,Longshot,Watch List,"Strong Barrel, Premium Lineup Spot, Platoon Edge, Hot Hitter/Streak",55.6,23.0,42.7,93.2,75.0,79.9,Yes,,,No,Yes,MLB Stats API; RotoWire,not found on RotoWire,H:2026/2025 P:2026/2025,,,Direct BvP not yet weighted; 2026/2025 Statcast baseline active,7,8,28,5,Hot streak: 5 HR in last 7 games,"switch hitter; pitcher baseline 4.5% barrel, 3.1 HR allowed",neutral batted-ball profile; pitcher fly-ball pressure modest,12.17,46.58,91.22,103.0783,0.5235,0.2273,0.3809,74.6,45.64,50.45,27.99,20.3,0.2249,4.5,40.0,89.3,0.3662,0.1178,15.13,None,74,Chase Field,
19,681624,Andy Pages,LAD,ATH,2026-07-02T01:40:00Z,Pre-Game,2,J.T. Ginn,669372,R,52.7,Longshot,Watch List,"Good Environment, Premium Lineup Spot",40.1,31.3,71.9,100.0,50.0,52.1,Yes,Yes,2,Yes,No,MLB Stats API; RotoWire,,H:2026/2025 P:2026/2025,,,Direct BvP not yet weighted; 2026/2025 Statcast baseline active,7,10,29,1,Contact streak: 10/29 over last 7 games,"same-side matchup; pitcher baseline 7.1% barrel, 11.4 HR allowed",neutral batted-ball profile; pitcher fly-ball pressure modest,8.89,42.59,89.02,100.3147,0.4511,0.1833,0.3356,72.88,25.49,35.17,28.79,19.3,0.2023,7.14,38.55,87.63,0.374,0.1379,22.73,Out To CF,84,Sutter Health Park,
20,665923,Esteury Ruiz,MIA,COL,2026-07-02T00:40:00Z,Warmup,2,Kyle Freeland,607536,L,52.5,Longshot,Watch List,"Premium Lineup Spot, Platoon Edge",19.2,62.5,62.7,100.0,78.0,15.3,Yes,Yes,2,Yes,No,MLB Stats API; RotoWire,,H:2026/2025 P:2026/2025,,,Direct BvP not yet weighted; 2026/2025 Statcast baseline active,7,2,9,0,"Last 7 games: 2/9, 0 HR","platoon edge; pitcher baseline 10.7% barrel, 17.8 HR allowed",neutral batted-ball profile; pitcher fly-ball pressure modest,7.21,27.79,84.79,95.7263,0.344,0.1463,0.2868,71.38,15.51,45.15,27.79,3.1,0.2221,10.66,45.13,90.89,0.4968,0.2029,29.64,In From RF,88,Coors Field,
